h_km,gamma_theo
0.0,0.671416493500176
0.08695652173913043,0.6714267839389905
0.17391304347826086,0.6714576535572727
0.2608695652173913,0.6715090972610052
0.34782608695652173,0.6715811065617159
0.43478260869565216,0.6716736695788121
0.5217391304347826,0.6717867710428478
0.608695652173913,0.671920392299721
0.6956521739130435,0.6720745113158018
0.782608695652174,0.6722491026839879
0.8695652173913043,0.672444137630685
0.9565217391304347,0.6726595840237103
1.0434782608695652,0.6728954063811148
1.1304347826086958,0.673151565880923
1.217391304347826,0.6734280203717837
1.3043478260869565,0.6737247243845306
1.391304347826087,0.6740416291446454
1.4782608695652175,0.6743786825856211
1.565217391304348,0.6747358293632184
1.6521739130434783,0.6751130108706125
1.7391304347826086,0.6755101652544193
1.8260869565217392,0.6759272274316017
1.9130434782608694,0.6763641291072443
2.0,0.6768207987931912
2.0869565217391304,0.6772971618275412
2.173913043478261,0.6777931403949904
2.2608695652173916,0.678308653548017
2.347826086956522,0.6788436172288984
2.434782608695652,0.6793979442925535
2.5217391304347827,0.6799715445301995
2.608695652173913,0.6805643246938171
2.6956521739130435,0.6811761885214129
2.782608695652174,0.6818070367630692
2.8695652173913047,0.6824567672077722
2.956521739130435,0.6831252747110088
3.0434782608695654,0.6838124512231207
3.130434782608696,0.6845181858184044
3.217391304347826,0.6852423647249486
3.3043478260869565,0.6859848713551949
3.391304347826087,0.6867455863372133
3.4782608695652173,0.687524387546677
3.565217391304348,0.6883211501395288
3.6521739130434785,0.6891357465853227
3.739130434782609,0.6899680467012321
3.826086956521739,0.6908179176867091
3.9130434782608696,0.6916852241587823
4.0,0.6925698281879824
4.086956521739131,0.6934715893348786
4.173913043478261,0.6943903646872156
4.260869565217391,0.6953260088976353
4.347826086956522,0.6962783742219696
4.434782608695652,0.6972473105580914
4.521739130434783,0.6982326654853086
4.608695652173913,0.6992342843042858
4.695652173913044,0.700252010077481
4.782608695652174,0.7012856836700803
4.869565217391304,0.7023351437914193
4.956521739130435,0.7034002270368702
5.043478260869565,0.7044807679301861
5.130434782608696,0.7055765989662817
5.217391304347826,0.7066875506544388
5.304347826086957,0.7078134515619182
5.391304347826087,0.7089541283579645
5.478260869565218,0.710109405858186
5.565217391304348,0.7112791070692962
5.652173913043478,0.7124630532341985
5.739130434782609,0.7136610638773999
5.826086956521739,0.7148729568507364
5.91304347826087,0.7160985483793947
6.0,0.7173376531082136
6.086956521739131,0.7185900841482491
6.173913043478261,0.7198556531235865
6.260869565217392,0.7211341702183831
6.347826086956522,0.7224254442241264
6.434782608695652,0.7237292825870886
6.521739130434783,0.7250454914559648
6.608695652173913,0.7263738757296747
6.695652173913044,0.7277142391053146
6.782608695652174,0.7290663841262406
6.869565217391305,0.7304301122302687
6.956521739130435,0.731805223797974
7.043478260869565,0.7331915182010742
7.130434782608696,0.7345887938508784
7.217391304347826,0.7359968482467893
7.304347826086957,0.7374154780248372
7.391304347826087,0.738844479006235
7.478260869565218,0.7402836462459332
7.565217391304348,0.7417327740811641
7.652173913043478,0.7431916561799539
7.739130434782609,0.7446600855895907
7.826086956521739,0.7461378547850317
7.91304347826087,0.7476247557172329
8.0,0.7491205798613866
8.08695652173913,0.7506251182650523
8.173913043478262,0.7521381615961629
8.260869565217392,0.7536595001908941
8.347826086956522,0.7551889241013799
8.434782608695652,0.7567262231432599
8.521739130434781,0.7582711869430439
8.608695652173914,0.7598236049852789
8.695652173913045,0.761383266659504
8.782608695652174,0.7629499613069786
8.869565217391305,0.7645234782671704
8.956521739130435,0.7661036069239895
9.043478260869566,0.7676901367517522
9.130434782608695,0.7692828573608652
9.217391304347826,0.7708815585432126
9.304347826086955,0.7724860303172354
9.391304347826088,0.7740960629726878
9.478260869565219,0.7757114471150615
9.565217391304348,0.7773319737096587
9.652173913043478,0.7789574341253102
9.739130434782608,0.7805876201777169
9.82608695652174,0.7822223241724107
9.91304347826087,0.7838613389473177
10.0,0.7855044579149147
10.08695652173913,0.7871514751039672
10.173913043478262,0.7888021852008363
10.260869565217392,0.7904563835903465
10.347826086956522,0.7921138663962008
10.434782608695652,0.7937744305209344
10.521739130434781,0.7954378736853964
10.608695652173914,0.7971039944677498
10.695652173913045,0.7987725923419795
10.782608695652174,0.8004434677158989
10.869565217391305,0.8021164219686477
10.956521739130435,0.8037912574876694
11.043478260869566,0.8054677777051611
11.130434782608695,0.8071457871339877
11.217391304347826,0.8088250914030518
11.304347826086955,0.8105054972921111
11.391304347826088,0.8121868127660362
11.478260869565219,0.8138688470085018
11.565217391304348,0.8155514104551034
11.652173913043478,0.8172343148258927
11.73913043478261,0.8189173731573269
11.82608695652174,0.8206003998336231
11.91304347826087,0.8222832106175143
12.0,0.8239656226803983
12.08695652173913,0.8256474546318783
12.173913043478262,0.8273285265486854
12.260869565217392,0.8290086600029825
12.347826086956522,0.8306876780900402
12.434782608695652,0.8323654054552867
12.521739130434783,0.8340416683207201
12.608695652173914,0.8357162945106862
12.695652173913045,0.8373891134770142
12.782608695652174,0.8390599563235079
12.869565217391305,0.8407286558297911
12.956521739130435,0.842395046474501
13.043478260869566,0.8440589644578324
13.130434782608695,0.845720247723424
13.217391304347826,0.8473787359795926
13.304347826086955,0.8490342707199047
13.391304347826088,0.8506866952430938
13.478260869565219,0.852335854672314
13.565217391304348,0.8539815959737337
13.652173913043478,0.8556237679744683
13.73913043478261,0.8572622213798498
13.82608695652174,0.8588968087900355
13.91304347826087,0.8605273847159547
14.0,0.8621538055945938
14.08695652173913,0.863775929803621
14.173913043478262,0.8653936176753517
14.260869565217392,0.8670067315100558
14.347826086956522,0.868615135588607
14.434782608695652,0.870218696184478
14.521739130434783,0.8718172815750821
14.608695652173914,0.8734107620524629
14.695652173913045,0.8749990099333369
14.782608695652174,0.8765818995684883
14.869565217391305,0.8781593073515213
14.956521739130435,0.879731111726972
15.043478260869566,0.881297193197784
15.130434782608695,0.8828574343321494
15.217391304347826,0.8844117197697204
15.304347826086955,0.8859599362271962
15.391304347826088,0.8875019725032862
15.478260869565219,0.8890377194830572
15.565217391304348,0.8905670701416674
15.652173913043478,0.8920899195474918
15.73913043478261,0.8936061648646446
15.82608695652174,0.8951157053549028
15.91304347826087,0.8966184423790375
16.0,0.8981142793975576
16.08695652173913,0.89960312197087
16.17391304347826,0.9010848777588656
16.26086956521739,0.9025594565199336
16.347826086956523,0.9040267701094125
16.434782608695652,0.9054867324774811
16.521739130434785,0.9069392596665012
16.60869565217391,0.908384269807812
16.695652173913043,0.9098216831179876
16.782608695652176,0.9112514218945632
16.869565217391305,0.9126734105112354
16.956521739130437,0.9140875754125461
17.043478260869563,0.9154938451080554
17.130434782608695,0.9168921501660113
17.217391304347828,0.9182824232065248
17.304347826086957,0.9196645988942546
17.39130434782609,0.9210386139306144
17.478260869565215,0.9224044070455053
17.565217391304348,0.9237619189885837
17.65217391304348,0.925111092520073
17.73913043478261,0.9264518724011255
17.82608695652174,0.9277842053837446
17.91304347826087,0.9291080402002737
18.0,0.93042332755246
18.086956521739133,0.9317300201001044
18.17391304347826,0.9330280724493017
18.26086956521739,0.9343174411402835
18.347826086956523,0.9355980846348682
18.434782608695652,0.9368699633035317
18.521739130434785,0.9381330394121026
18.60869565217391,0.9393872771080938
18.695652173913043,0.9406326424066768
18.782608695652176,0.9418691031763108
18.869565217391305,0.9430966291240308
18.956521739130437,0.9443151917804079
19.043478260869563,0.9455247644841878
19.130434782608695,0.9467253223666169
19.217391304347828,0.9479168423354665
19.304347826086957,0.949099303058761
19.39130434782609,0.9502726849482217
19.478260869565215,0.9514369701424337
19.565217391304348,0.9525921424897453
19.65217391304348,0.9537381875309076
19.73913043478261,0.9548750924814651
19.82608695652174,0.9560028462139047
19.91304347826087,0.9571214392395732
20.0,0.9582308636903687
20.086956521739133,0.9593311133002206
20.17391304347826,0.9604221833863614
20.26086956521739,0.9615040708304021
20.347826086956523,0.9625767740592184
20.434782608695652,0.9636402930256573
20.521739130434785,0.9646946291890732
20.60869565217391,0.9657397854956997
20.695652173913043,0.9667757663588682
20.782608695652176,0.9678025776390805
20.869565217391305,0.9688202266239443
20.956521739130437,0.9698287220079792
21.043478260869563,0.9708280738723025
21.130434782608695,0.9718182936642028
21.217391304347828,0.972799394176608
21.304347826086957,0.9737713895274591
21.39130434782609,0.9747342951389945
21.47826086956522,0.9756881277169545
21.565217391304348,0.9766329052297136
21.65217391304348,0.977568646887349
21.73913043478261,0.9784953731206507
21.82608695652174,0.9794131055600843
21.91304347826087,0.9803218670147115
22.0,0.981221681451076
22.086956521739133,0.9821125739720646
22.17391304347826,0.9829945707957464
22.26086956521739,0.9838676992342021
22.347826086956523,0.9847319876723473
22.434782608695652,0.9855874655467567
22.521739130434785,0.9864341633245002
22.60869565217391,0.9872721124819908
22.695652173913043,0.9881013454838585
22.782608695652176,0.9889218957618504
22.869565217391305,0.9897337976937683
22.956521739130437,0.9905370865824472
23.043478260869563,0.9913317986347816
23.130434782608695,0.9921179709408077
23.217391304347828,0.9928956414528449
23.304347826086957,0.9936648489647034
23.39130434782609,0.9944256330909655
23.47826086956522,0.9951780342463431
23.565217391304348,0.9959220936251204
23.65217391304348,0.9966578531806849
23.73913043478261,0.9973853556051531
23.82608695652174,0.9981046443090957
23.91304347826087,0.9988157634013685
24.0,0.9995187576690525
24.086956521739133,1.0002136725575101
24.17391304347826,1.000900554150559
24.26086956521739,1.0015794491507723
24.347826086956523,1.0022504048599081
24.434782608695652,1.0029134691594705
24.521739130434785,1.0035686904914094
24.60869565217391,1.0042161178389633
24.695652173913043,1.0048558007076465
24.782608695652176,1.005487789106388
24.869565217391305,1.006112133528823
24.956521739130437,1.0067288849347433
25.043478260869566,1.007338094731708
25.130434782608695,1.0079398147568202
25.217391304347828,1.0085340972586703
25.304347826086957,1.0091209948794526
25.39130434782609,1.0097005606372558
25.47826086956522,1.0102728479085303
25.565217391304348,1.0108379104107381
25.65217391304348,1.0113958021851843
25.73913043478261,1.0119465775800354
25.82608695652174,1.0124902912335267
25.91304347826087,1.013026998057361
26.0,1.013556753220299
